{
	"info": {
		"_postman_id": "b90c97e1-4261-4a34-a348-a0604f0264a7",
		"name": "Bank App",
		"schema": "https://schema.getpostman.com/json/collection/v2.1.0/collection.json"
	},
	"item": [
		{
			"name": "Login",
			"request": {
				"method": "POST",
				"header": [
					{
						"key": "Content-Type",
						"name": "Content-Type",
						"value": "application/x-www-form-urlencoded",
						"type": "text"
					}
				],
				"body": {
					"mode": "urlencoded",
					"urlencoded": [
						{
							"key": "user",
							"value": "test_user",
							"type": "text"
						},
						{
							"key": "password",
							"value": "Test@1",
							"type": "text"
						}
					]
				},
				"url": {
					"raw": "https://bank-app-test.herokuapp.com/api/login",
					"protocol": "https",
					"host": [
						"bank-app-test",
						"herokuapp",
						"com"
					],
					"path": [
						"api",
						"login"
					]
				}
			},
			"response": []
		},
		{
			"name": "Statements",
			"request": {
				"method": "GET",
				"header": [
					{
						"key": "Content-Type",
						"name": "Content-Type",
						"value": "application/x-www-form-urlencoded",
						"type": "text"
					}
				],
				"body": {
					"mode": "urlencoded",
					"urlencoded": [
						{
							"key": "user",
							"value": "4",
							"type": "text"
						},
						{
							"key": "password",
							"value": "asdfa",
							"type": "text"
						}
					]
				},
				"url": {
					"raw": "https://bank-app-test.herokuapp.com/api/statements/1",
					"protocol": "https",
					"host": [
						"bank-app-test",
						"herokuapp",
						"com"
					],
					"path": [
						"api",
						"statements",
						"1"
					]
				}
			},
			"response": []
		}
	]
}